First Name,Last Name,Email Address,Company,Position,Connected On
Jeffrey,Bennett,jimenezmichael@gmail.com,VOLL,Corporate Mobility Specialist,16 Apr 2021
Michael,Gillespie,wgardner@gmail.com,Delog - Transporte E Logistica,Gerente de logística,16 Apr 2021
Jasmin,Anderson,richard55@reyes.com,Tecnifox Indústria e Comércio Ltda,Orçamentista Técnico,15 Apr 2021
Jacob,Potter,wyatteric@joyce.com,Unisinos,Orientadora de Carreira - Psicóloga,14 Apr 2021
Ashley,Salazar,umiller@yahoo.com,Recrutamento e Seleção,Recursos Humanos,13 Apr 2021
Catherine,Hill,jenniferanderson@kelley-miller.com,Grupo Tracbel,Consultor Comercial de Peças,01 Apr 2021
Morgan,Smith,cliffordneal@yahoo.com,Sicoob Nossacoop,Representante de atendimento ao cliente,31 Mar 2021
Michael,Rivera,shughes@gmail.com,Universidade Federal de Minas Gerais,Professora Associada,31 Mar 2021
Megan,Mitchell,zhill@donaldson.com,Plan B Comunicação,Consultor financeiro / Comercial,31 Mar 2021
Mary,Torres,michael41@hotmail.com,Petrominas,Comercial,25 Mar 2021
Kristin,Smith,linmarc@stone.com,PUR EQUIPAMENTOS INDUSTRIAIS LTDA,Inspetor de qualidade,23 Mar 2021
David,Price,anthony09@yahoo.com,Mech4u - Manufatura Inteligente,CEO,16 Mar 2021
Brian,Martin,victoria51@chase.com,Metalsider,Controle de planejamento,15 Mar 2021
Charles,Lin,oscott@yahoo.com,Anglo American,Analista de Gestão de Materiais,15 Mar 2021
Nathan,Allen,lmartinez@yahoo.com,RHI Magnesita,TÉCNICO PLANEJAMENTO MANUTENCAO PL ,05 Mar 2021
Crystal,Bowers,marshalljohn@farrell.info,,,
James,Peterson,adrianathomas@castillo.biz,Grupo Carmo Alves Empreendimentos Imobiliários LTDA,Assessora Jurídica e Financeira,03 Mar 2021
Jacob,Baldwin,peterjohnson@yahoo.com,ImTraff - Consultoria e Projetos de Engenharia,Estagiário,02 Mar 2021
Patricia,Booth,riverajeremy@cantrell.com,Agile Project Educação e Treinamentos,Gestão da empresa,28 Feb 2021
Jeffery,Vincent,martinthomas@brown.info,Mezzanino Engenharia e Consultoria,Estagiário de engenharia,25 Jan 2021
Alicia,Whitaker,andreamullins@hickman.com,Progen S.A.,Técnico civil II,25 Jan 2021
Heather,Mcintosh,dixonamanda@figueroa.com,SMS group GmbH,Technical Analyst,22 Jan 2021
Erica,Hale,linda81@bowers.biz,COACHR RECURSOS HUMANOS LTDA,Gerente de projetos,21 Jan 2021
Chris,King,dannywaters@gmail.com,MG Sports,Vendedor,18 Jan 2021
Danielle,Yang,brandon57@yahoo.com,Arbitrium Sports,Sócio,18 Jan 2021
Patricia,Ortiz,mcdonalddaniel@baker.com,Rock Minas Peças e Usinagem LTDA,Projetista,13 Jan 2021
David,Smith,harrisnoah@hotmail.com,,,05 Jan 2021
Phillip,Jackson,jeremy66@wilkinson.com,Allugator,Senior Inside Sales,05 Jan 2021
Austin,Rodgers,heather33@hotmail.com,,,
Linda,Ray,craigcherry@norris.com,MOBA do Brasil,Consultor de Suporte ao Produto,09 Dec 2020
Alan,Stevens,mhernandez@sanders.com,Hospital Metropolitano Odilon Behrens,Supervisor de portaria e recepção,08 Dec 2020
Nicholas,Vaughn,jennifermartin@wilkerson-walker.com,Universidade Federal de Minas Gerais,Professor Pesquisador,07 Dec 2020
Eric,Brown,mbarry@hotmail.com,JAT Transportes e Logistica S.A.,lider operacional,07 Dec 2020
Richard,Lindsey,mitchell79@yahoo.com,Tecnifox Indústria e Comércio Ltda,Técnica da Qualidade,24 Nov 2020
Sheryl,King,galvanjesse@gmail.com,Motorola Mobility (a Lenovo Company),Machine Learning Advisory Engineer,23 Nov 2020
Richard,Smith,bentonkimberly@garcia.net,The discipline Languages,Professor de idiomas - Inglês e Francês,23 Nov 2020
Scott,Woods,willissteven@hansen.org,Construções Pirâmides,Empresario,14 Nov 2020
Timothy,Davis,larryvillegas@hotmail.com,RHI Magnesita,Especialista Engenharia,10 Nov 2020
John,Sharp,davisjessica@lawrence.com,Vetta,Talent Acquisition Coordinator,30 Oct 2020
Heather,Romero,ubowers@garcia.com,Ânima Educação,Diretor de operações Minas Gerais e Goiás na Anima Educação,27 Oct 2020
Brent,Jones,jillhernandez@yahoo.com,MRV,Analista de projetos,26 Oct 2020
Alexis,Diaz,dawntorres@gmail.com,Mineração Taboca S.A.,Analista operacional jr,25 Oct 2020
Kyle,Smith,amyrobbins@white-fisher.com,ArcelorMittal Brasil,Técnico III - Central de Planejamento,21 Oct 2020
Jessica,Carter,brittany30@butler-miller.com,FCA Fiat Chrysler Automobiles,Coordenador RDE (Real Drive Emissions),21 Oct 2020
Andrew,Richards,susancalhoun@hotmail.com,Cervejaria Ambev,Coordenador de Franquias Premium,20 Oct 2020
Erin,Schmidt,ricardo99@jones.biz,Ambev,Supervisor de Customer Experience,20 Oct 2020
Katherine,Morris,mark13@murray-parker.com,Gade Engenharia e projetos,Arquiteta e urbanista ,20 Oct 2020
Gina,Bryant,connie06@hotmail.com,MARINA CONSTRUTORA,Engenheira Civil / Diretora,20 Oct 2020
Nicole,Williams,gfreeman@gmail.com,Isamar Transportes Urgentes LTDA,Operations Manager,20 Oct 2020
Michelle,Phillips,justin21@hotmail.com,Companhia Siderúrgica Nacional,Engenheiro de Manutenção - Gerência de Produção Filtragem e Carregamento,19 Oct 2020
Courtney,Robertson,lwalker@hayes.com,CAAR do Brasil Consultoria Técnica Ltda,Referente Técnico ,28 Sep 2020
Gabriel,Lyons,trevor07@yahoo.com,Luziana Lanna Idiomas,Professor de inglês,23 Sep 2020
Cindy,Ramsey,omiranda@richardson.com,Grupo SADA,Analista de RH Jr- Gestão de Contratos,06 Sep 2020
Lori,Thomas,michael15@yahoo.com,Klüber Lubrication,Technical Consultant,03 Sep 2020
Brittany,Sanchez,aaronwilliamson@garcia.com,MAXCOR INDUSTRIA DE ETIQUETAS LTDA,Inspetora de Qualidade,25 Aug 2020
Paula,Montoya,jennifermckay@morse.info,Teksid,Estagiário de Engenharia ,20 Aug 2020
Anthony,Evans,nguyenmichael@cook.info,SMS group do Brasil,Analista de contratos,20 Aug 2020
Gregory,Simmons,breannavaughn@miller.com,Dmb Distribuidora Mineira De Bombas,Gerente comercial,19 Aug 2020
Erika,Mcclain,nlynch@lopez-nichols.com,Oncomed Tratamento Médico Integrado,Analista de sistemas pleno,16 Aug 2020
Justin,Park,llove@lopez.com,Cemig SIM,Analista de Soluções Energéticas,16 Aug 2020
Curtis,Payne,bridgesashley@gmail.com,plastubos,Motorista,14 Aug 2020
Nancy,Ballard,kendra47@lester.info,Vox2you Rede de Escolas de Oratória,Diretor,14 Aug 2020
Scott,Rogers,terry55@sherman.com,Tribunal de Justiça do Estado de Minas Gerais,Projetista e orçamentista,13 Aug 2020
James,Rodriguez,jodi90@hotmail.com,ChildFund Brasil - Fundo para Crianças,Coordenador de Mobilização de Recursos,13 Aug 2020
Cindy,Barnes,sherry89@yahoo.com,AMGS,Analista Financeiro,12 Aug 2020
Robert,Jones,brownjessica@chang.com,Prefeitura Municipal de Contagem,Gerente operacional,12 Aug 2020
Stacy,Kemp,chaseperez@jones.com,Acelera Profissional,Acelerador Empreendedores Solo,11 Aug 2020
Christopher,Scott,louis48@bryan-meadows.com,Grupo SADA,Analista de Suprimentos Jr. CSC,09 Aug 2020
Omar,Owens,bross@hotmail.com,Grupo SADA,Analista de Suprimentos Pleno,09 Aug 2020
Victoria,Anderson,rjenkins@hotmail.com,Universidade FUMEC,Professor do Programa de Doutorado e Mestrado em Administração (PDMA),06 Aug 2020
Amanda,Long,phillip87@hotmail.com,,,06 Aug 2020
Misty,Erickson,sextoncrystal@yahoo.com,Autônomo,Engenheiro Mecânico,04 Aug 2020
Robin,Clayton,codyrodriguez@gmail.com,SegundoSOL Engenharia LTDA,Engenheiro Eletricista Junior,28 Jul 2020
Richard,Smith,humphreyjames@king.info,Área de Atuação: Qualidade / Processos / Melhoria Continua ,Engenheira de Produção,27 Jul 2020
Dennis,Jones,ashley14@welch.com,3DFindable,Founder,27 Jul 2020
Kim,Davis,sotojoseph@zuniga.info,,,27 Jul 2020
Justin,Christensen,todd76@chavez.org,Interfile Full Service BPO,Analista de Operações,25 Jul 2020
Michael,Terry,medinagabrielle@hotmail.com,IMIC - Indústria Mecânica Irmãos Corgozinho Ltda,Comprador pleno,18 Jul 2020
Rebecca,Chavez,michael98@gmail.com,Empresa de Transportes e Trânsito de Belo Horizonte - BHTRANS S/A,Coordenador de Mobilização Social,16 Jul 2020
Jamie,Ward,fwelch@johnson.org,Winn-Dixie,Associate,15 Jul 2020
Ashley,Daniel,johnsonmichelle@hotmail.com,ABB Eletrificação,Process Engineer,15 Jul 2020
Jeanne,Blackburn,jenny53@thomas.net,FEAMIG - Faculdade de Engenharia de Minas Gerais,Professor convidado,15 Jul 2020
Michael,Reyes,walkerrita@snyder-freeman.com,Tecer Liderança Trein Edit E Cons Ltda,Palestrante | Escritora | Mentora de gestores | Engenheira Mecânica | Consultora Organizacional n,13 Jul 2020
Monica,Rodriguez,vanessa16@yahoo.com,Komatsu Mining Corp.,Técnico de segurança,13 Jul 2020
Sheila,Blackburn,teresa23@stafford.com,Câmara e Valadares Advogados e Associados,Prestadora de serviços jurídicos,13 Jul 2020
Trevor,Brown,kmejia@butler-walker.com,Master Informática,Gerente de Serviços,10 Jul 2020
John,Hudson,michaelrodriguez@yahoo.com,FCA Fiat Chrysler Automobiles,Eletrônico ,10 Jul 2020
Carla,Fitzgerald,nelsontamara@rose-ward.biz,Marcio Honorio Sociedade de Advogados,Escritório de Advocacia,05 Jul 2020
Amber,Hernandez,rodriguezwesley@gmail.com,Via 040,Analista de Planejamento,03 Jul 2020
Kristen,Hudson,foxgeorge@yahoo.com,Vulcabras Azaleia,Associada I,01 Jul 2020
Shane,Reyes,glassjoseph@griffin-white.info,IHM stefanini,Assistente de compras,29 Jun 2020
Tammy,Edwards,davidgonzalez@whitney.com,,,
Alexander,Mejia,lori07@stanley.com,3 Corações S/A,Engenherio de seguranca do trabalho,16 Jun 2020
Rebecca,Goodwin,poncedonald@yahoo.com, A precisão segurança patrimonial,Segurança Patrimonial,14 Jun 2020
Kenneth,Kaiser,stanleydawn@lee.biz,Promatec Soluções Industriais,Consultor de Engenharia,14 Jun 2020
Sandy,Chavez,curtis75@serrano.com,Pensalab Equipamentos Industriais S.A.,Consultora de vendas,13 Jun 2020
Tonya,Henderson,vperez@smith.com,ASSEMBLEIA DE DEUS,Coordenador de contabilidade,04 Jun 2020
Jennifer,Adams,carolyn11@roberts.biz,FCA Fiat Chrysler Automobiles,Analista de projetos,04 Jun 2020
William,Martinez,xcooper@yahoo.com,Escala Serviços de Engenharia,Técnico Projetista,26 May 2020
Jessica,Wilson,brobinson@gmail.com,Grupo SADA,Analista de TI/CFTV,23 May 2020
Ana,Lang,carla72@gmail.com,,,
Heather,Jones,jesse14@yahoo.com,SMS group GmbH,Estágio em Engenharia Mecânica,20 May 2020
Monica,Combs,wrightjohn@gmail.com,ENGETRAF - Consultoria e Projetos LTDA,Gerente de projetos,20 May 2020
Dominic,Lee,howardmichael@gmail.com,YouTube,Influencer,17 May 2020
Brian,Booth,vanessajones@cook.com,Expresso Nepomuceno S/A,Supervisor de logística,17 May 2020
Kimberly,Paul,prestonderek@goodman.com,Magndon,Director,16 May 2020
Ashley,Wyatt,meghan26@hotmail.com,Stulz Brasil Ar Condicionado Ltda.,Diretor,14 May 2020
Martha,Rasmussen,phuerta@gmail.com,Eviplan,Master Black Belt 3S-LSS & DFSS,12 May 2020
Travis,Morton,ewhite@small.info,JJL Projetos e Consultoria Ltda,Estagiário de engenharia mecânica,05 May 2020
Theresa,Contreras,heidi59@yahoo.com,BM&FBOVESPA agora é B3,Engenheiro de produção,04 May 2020
Matthew,Meza,thomasreynolds@wood.net,InPay Soluções Financeiras,Consultor financeiro,04 May 2020
Derek,Walls,richard22@gmail.com,AETHRA GROUP - Automotive Systems,Analista de recrutamento e seleção,27 Apr 2020
Justin,Benson,joshuaowens@martin-clark.biz,Usina Santa Terezinha,Operador Líder de Caldeiras,26 Apr 2020
Tyler,Wright,janemueller@hotmail.com,,,
Julie,Holmes,devingordon@gmail.com,Metalfisa Metalúrgica ,Analista de orçamento,23 Apr 2020
Joy,Henderson,moniquetaylor@hotmail.com,EASYVIX - Soluções Industriais,Coordenador Técnico em Eletrônica,14 Apr 2020
Nathaniel,French,lewischristina@saunders.com,Pintepoxi Eireli,Analista de Projetos Trainee,07 Apr 2020
Christopher,Drake,chavezchristopher@hotmail.com,Banco Original,Agente comercial,01 Apr 2020
Heather,Jones,julie63@hotmail.com,Energisa,Analista de Compras I,24 Mar 2020
Michael,Robinson,boydbreanna@smith.com,PUC Minas,Auxiliar Administrativo,19 Mar 2020
Valerie,Stone,gmeza@hotmail.com,ENGESUR,Inspector de Control y Calidad,19 Mar 2020
Melissa,Gonzalez,danielleowens@ortiz.com,The HEINEKEN Company,Analista de Inteligência de Vendas,19 Mar 2020
Taylor,George,karen46@brown.com,MRV,Assistente de Processos,19 Mar 2020
Veronica,Rivers,perezjeffery@scott.biz,Sotreq S/A,Estagiário,11 Mar 2020
Brandon,Simmons,acostacharles@gmail.com,Aloo Telecom,Analista de telecomunicações,19 Feb 2020
Cheryl,Brown,markmcguire@hotmail.com,JBA | Jabour Brandão Alkmim Advocacia e Consultoria,Estagiário,19 Feb 2020
James,Reid,brianna90@jackson.com,Hospital Munucipal de Contagem,Tec. Enfermagem,12 Feb 2020
Nicholas,Miller,crodriguez@hotmail.com,Dmb Distribuidora Mineira De Bombas,Vendedor Interno,12 Feb 2020
Courtney,Williamson,mary41@johnson-gardner.net,Universidade do Estado de Minas Gerais,Professora,11 Feb 2020
Victoria,Harris,lauriemendoza@hotmail.com,home office,Consultor comercial,10 Feb 2020
Jo,Mullins,zmoran@cook-nichols.com,AngloGold Ashanti,Analista administrativo,10 Feb 2020
Sharon,Young,christopher89@yahoo.com,,,10 Feb 2020
Martin,Mcmahon,orowe@hotmail.com,PUC Minas,Professor,04 Feb 2020
James,Davis,staceymelton@yahoo.com,C.A.A.R DO BRASIL,Product Development Analyst,01 Feb 2020
Jill,Shelton,zgonzalez@hotmail.com,Localiza Gestão de Frotas,Administração de Contratos,28 Jan 2020
Emily,English,mandy72@fowler.com,J.A. Sistemas de Energia,Gerente Comercial,28 Jan 2020
William,Sellers,michael14@yahoo.com,IBEXT Instituto Brasileiro de Extensão Tecnológica,Consultor de Desenvolvimento Industrial,28 Jan 2020
Daniel,Wall,storres@mcdaniel.org,Autônomo,Jornalista freelancer,22 Jan 2020
Stephen,Gibson,mark01@bailey.com,,,15 Jan 2020
Cassandra,Smith,freemandavid@hotmail.com,Supex,Gerente Administrativo,09 Jan 2020
Beth,Williams,webersheryl@gmail.com,MRV,Auxiliar de engenharia,08 Jan 2020
John,Russell,lopezdonald@gmail.com,IMA Industria mecânica alterosa,Analista de orçamento,08 Jan 2020
Kevin,Stewart,ricky01@gmail.com,,,07 Jan 2020
Katie,Farrell,kristygomez@williams-walker.org,,,
Tammy,Owens,tiffanygonzalez@hernandez.com,Imx - Industria Mecanica Xavier,Orçamentista comercial,07 Jan 2020
Valerie,Reynolds,brentjones@rojas.org,Oficina,Auxiliar de mecânica,25 Dec 2019
Eric,Owens,yhayes@gmail.com,PUC Minas,Professor Universitário,19 Dec 2019
Eric,Espinoza,xhaynes@yahoo.com,PUC Minas,Professora Assistente IV PUC Minas,13 Dec 2019
Heather,Perez,jessica44@gmail.com,Nemak,tec.mecanico,13 Dec 2019
Perry,Reed,kristen84@johnson.biz,Unidas,Analista financeiro júnior,28 Nov 2019
Adam,Johnson,hking@rodriguez.com,Belquimica Produtos E Assistencia Tecnica,Supervisor de vendas,26 Nov 2019
Chris,French,bowmanryan@gmail.com,Plascar,Controller and HR Manager ,25 Nov 2019
Michael,Mccarty,leejoanna@morris.biz,Easy equipamentos odontologicos,Retificador 2,25 Nov 2019
Nicholas,Rodriguez,williamsjose@collins-cooke.com,Controltec Controles E Montagens Eletromecanicas,Prestador de serviços,20 Nov 2019
Kristen,Bruce,robertingram@tanner.info,freelance,Senior Data Scientist,19 Nov 2019
Michael,Mccormick,larry31@lawson.info,Em Busca de Novas Oportunidades,interesse em oportunidade de operador de grua torre ou Ponte rolante,19 Nov 2019
Marc,Sparks,williamsjoseph@hotmail.com,Vezzi Lapolla Mesquita Advogados,Advogado associado,06 Nov 2019
Carlos,Martin,kathyboyd@newton-odom.com,Prefeitura Municipal de Contagem,Membro Titular do CODECON - Conselho de Desenvolvimento Econômico de Contagem,02 Nov 2019
Corey,Carter,hortonbarbara@hunter.biz,Itaú Unibanco,Estagiário Banco ,16 Oct 2019
Janet,Hancock,benderbrandon@gmail.com,SDS Empreendimentos e Construções Eireli,Auxiliar de Engenharia,15 Oct 2019
Robin,Sweeney,john40@russo-bullock.info,Impulso Consultoria e Gestão de Pessoas,Proprietário da empresa,10 Oct 2019
Jessica,Peterson,mary57@downs-russo.biz,WestRock Brasil,Almoxarife,08 Oct 2019
Kenneth,Brown,mark99@gmail.com,,,
Matthew,Davis,davisgina@yahoo.com,Loggi,Customer Success Executive I,02 Oct 2019
Michelle,Christensen,sharrell@saunders.biz,Lajes Premold ,Vendedor externo,30 Sep 2019
Julie,Robinson,johnsonsara@gmail.com,,,29 Sep 2019
Tammy,Bautista,rebeccabailey@hotmail.com,Prefeitura de Belo Horizonte,Farmacêutico na Gerência de Vigilância Epidemiológica,25 Sep 2019
Tyler,Mendez,cristianpatel@white.net,Afya Educacional,Analista Financeiro,25 Sep 2019
Karen,Jimenez,jgomez@perry.com,Alpha Diamond Team,Hunter Founder,24 Sep 2019
Tim,Moore,tammyblack@gmail.com,Accenture Brasil,Analista pleno de contas a pagar,20 Sep 2019
Yolanda,Reyes,leebrian@kennedy.com,FCA Latam (Fiat Chrysler Automobiles),Analista da Qualidade Jr - CST Chassi LATAM,20 Sep 2019
Shannon,Roach,theresa80@wood-henry.org,PAM - Produtos Auxiliares Metalúrgicos,Plant General Manager,20 Sep 2019
Julia,Johnston,kyle24@boyd-shepherd.com,Montele Elevadores,Assistente operacional,19 Sep 2019
Paula,Romero,cdavis@ferrell.com,La Cita Eventos e Produções,CEO,16 Sep 2019
William,Porter,jlee@mahoney.info,NEUMAN & ESSER Brasil,Compressor Application Technician,16 Sep 2019
Lisa,Campos,yolanda75@yahoo.com,Ânima Educação,Recrutamento e Seleção ,10 Sep 2019
Amber,Manning,fbridges@gmail.com,Seguranca Engenharia Ltda,Auxiliar administrativo,10 Sep 2019
Eric,Edwards,garrettfuller@gmail.com,Localiza,Gerente de Recrutamento e Seleção Nacional,06 Sep 2019
Eric,Gilbert,reedrenee@gmail.com,Cemig - Companhia Energética de Minas Gerais,Técnico O&M de Subestação da Transmissão (Jr),05 Sep 2019
Angela,Jones,wilsondenise@ray.com,Horizonte Minerals Plc,Estagiário,05 Sep 2019
Harry,Walker,sandovalmarc@lopez.info,Clinescultural,Gerente administrativo e financeiro,02 Sep 2019
Shawna,Bryant,tjones@richardson.com,Comau,Líder técnico de engenharia,30 Aug 2019
Julie,Tate,msmith@watson.com,W1 Consultoria Financeira,Consultora Financeira,20 Aug 2019
Debra,Gray,bcruz@williams.com,RASHEED AHMED & SONS,Proprietor,20 Aug 2019
Christian,Ellis,jared02@gmail.com,AEVO,Product,20 Aug 2019
Debra,James,carlos54@bailey-rhodes.com,VIAESSENCIA,SÓCIO-GERENTE,14 Aug 2019
Dustin,Martinez,vaughnrebecca@yahoo.com,Herkenhoff & Prates,Analista de dados,13 Aug 2019
Christopher,Orozco,douglas93@chavez-baker.org,ECM - Projetos Industriais,Engenheiro Trainee - Líder de Projetos,10 Aug 2019
Samuel,Hale,william28@hotmail.com,Hospital do Coração de Alagoas,Assistente financeiro,10 Aug 2019
Taylor,Barnes,qdoyle@gmail.com,CNH Industrial,Compradora,06 Aug 2019
Zachary,Hall,steven02@glass.net,Stellantis,Analista III Engenharia Elétrica / Eletrônica,01 Aug 2019
Edward,Estrada,briancarter@blanchard-guerrero.info,Prontomec Industrial,Estagiário de Manutenção,30 Jul 2019
Kimberly,Stevens,zacharysullivan@hotmail.com,Sindicato dos Trabalhadores da Indústria de Calçados do Ceará,Jornalista,29 Jul 2019
Brandon,Ware,elizabethhall@smith-manning.com,Monterre Construtora,Assistente Suprimentos ,25 Jul 2019
Roger,Adams,nancykelley@yahoo.com,Sixpro Virtual&Practical Process,Consultor técnico comercial,24 Jul 2019
Lance,Trujillo,woodsanna@baker.info,Extrack ,Fundadora e CEO ,18 Jul 2019
Mary,Berry,eparker@gmail.com,SGSGEOSOL LABORATÓRIOS ,Analista laboratório de Fluorescência de Raios-X,11 Jul 2019
Kelly,Perkins,jessicamiller@yahoo.com,Racional Engenharia,Assistente de produção,11 Jul 2019
Daniel,Beasley,phines@lewis-blake.com,Clínica CEU,Coordenadora de Radiologia,05 Jul 2019
Marvin,Simpson,sleach@hotmail.com,Autônomo,Vendedor,03 Jul 2019
Douglas,Saunders,ddavis@chandler.com,Stellantis,Team Leader,02 Jul 2019
Penny,Alvarez,david56@hotmail.com,Vallourec,Senior Supply Chain Specialist,26 Jun 2019
Bruce,Foster,melissapalmer@holland-jackson.info,Wave Pub ,Proprietário,24 Jun 2019
Kyle,Potts,lori16@green.com,FAM Brasil,Coordenador de suprimentos,20 Jun 2019
Eric,Perez,gregoryporter@gmail.com,Asmam Caldeiras,Técnico mecânico,17 Jun 2019
Adam,Nelson,stephen41@yahoo.com,ComMolas,Consultor comercial,11 Jun 2019
Kayla,Stephens,kimberly08@hotmail.com,ATS Informática,Executivo de novos negócios,07 Jun 2019
Renee,Decker,gardnerlisa@hendrix.com,Macon Transportes - Angola,Superintendente de Operações,07 Jun 2019
Don,Barber,jordan32@gmail.com,Superintendência de Desenvolvimento da Capital - SUDECAP,Engenheira Geotécnica,04 Jun 2019
Lynn,Jones,fmay@hotmail.com,H2H Executive Search,Senior Managing Partner,04 Jun 2019
Amanda,Lewis,uclark@hotmail.com,Dimagra Ind. E Com. De Mármores E Granitos Ltda,Assistente administrativo,04 Jun 2019
Jill,Decker,stephaniehodges@beasley.org,sairamgranites,Owner,04 Jun 2019
Amanda,Mack,lorimartinez@gmail.com,Autônomo,Consultor de vendas,04 Jun 2019
Linda,Nelson,ypeters@cunningham.com,,,04 Jun 2019
Teresa,Le,jacksonalvin@yahoo.com,Soluções Usiminas,Supervisor de PCP,04 Jun 2019
Penny,Jones,paige52@yahoo.com,Allen | Soluções em Tecnologia,Estagiário,30 May 2019
Karen,Nelson,corey47@christensen.com,,,
Renee,Mcclain,eringordon@rivas.info,Inter,Analista de Atração e Seleção,23 May 2019
Anthony,Anderson,jonathanrobinson@strickland-davis.org,CMP Componentes Módulos Plásticos Ind. Com. Oficial,Logística - CMP,22 May 2019
Tyrone,Morris,carsonsarah@gmail.com,AngloGold Ashanti Brasil,Analista de planejamento ,22 May 2019
Alan,Baker,mendezgabriella@melton-howell.net,Ag Acabamentos e comercio em peças,Operador de mistura,22 May 2019
Erin,Watson,matthewreed@yahoo.com,Eleições 2020,Candidato a Vereador em Belo Horizonte,22 May 2019
Richard,Rios,iwallace@gmail.com,CL Consultoria,Consultor de novos negócios,22 May 2019
Steven,Wright,lquinn@yahoo.com,Baja PUC Minas,Coordenador Cálculo Estrutural,22 May 2019
Tony,Horn,kevintapia@soto.com,Hospital Lifecenter,Analista de Comunicação,22 May 2019
Nicole,Kidd,moralesjack@hotmail.com,Accenture,Analista de sistemas sênior,21 May 2019
Jennifer,Oliver,kenneth08@davis-vargas.com,SBT,Repórter esportivo,16 May 2019
Tyler,Brooks,patrick10@zavala-erickson.info,,,15 May 2019
Sara,Yates,timothy63@becker.com,Cottar Engenharia e Serviços,Analista de Planejamento de Manutenção,10 May 2019
Gabrielle,Gomez,kyle44@yahoo.com,ESAB South America,Customer Support Technician,09 May 2019
Kimberly,Cox,perezandre@patterson-butler.com,Conbras - Uma empresa do Grupo GPS,Encarregado de manutenção civil ,07 May 2019
Nicholas,Bishop,carol05@brown-rios.info,Midhaz,Cofounder & CMO,07 May 2019
Patricia,Johnson,jwright@williams.info,Telemont,Analista de Gestão da Qualidade PL,06 May 2019
Joseph,Conrad,tamara19@burton.com,Prefeitura Municipal de São José dos Campos,Estagiário,03 May 2019
James,Hernandez,melaniealexander@hart-sanders.net,Petrobras,Químico Analista,02 May 2019
Joseph,Brown,mathewsjonathan@boyd-burke.org,Nansen,Analista da qualidade Sênior,29 Apr 2019
Tiffany,Harris,jessicataylor@graham.com,Mendes Capital ,Trader,29 Apr 2019
Kara,Horton,dunlapkevin@allen.org,Purcell Construction,Assistant Site Engineer,29 Apr 2019
Aaron,Sharp,david40@campbell.com,Action Consultoria & Negócios,Management System Consultant CEO,29 Apr 2019
Jennifer,Lee,davidphillips@alvarez.net,Brembo do Brasil,Eletroeletrônico de Manutenção,29 Apr 2019
Alfred,Ramirez,qhicks@holmes.com,Construtora Terrayama Ltda.,Aprendiz,29 Apr 2019
Brittany,Roberts,michaelhancock@burke-alexander.com,,,
Deanna,Brooks,brandon98@chang-benitez.com,Autônomo,Consultor imobiliário,23 Apr 2019
Keith,Shields,james12@jones.info,MASD Advogados Associados,Advogada,23 Apr 2019
Ruth,Anderson,swhite@yahoo.com,RHI Magnesita,Técnico de Planejamento de Manutenção PL,23 Apr 2019
Ian,Wallace,montesrandy@hotmail.com,Seedz,Analista de Projetos,22 Apr 2019
Heather,Henderson,jacksonalex@yahoo.com,Ossa Consulting LTDA,Sócio-proprietário,22 Apr 2019
Joseph,Anderson,michaelsanders@clark.org,RHIMagnesita,Analista de Recursos humanos,16 Apr 2019
Sarah,Miller,robertmclaughlin@brown.org,APTA ,Técnico em Automação Industrial Jr.,15 Apr 2019
Daisy,Mathis,joneskatelyn@hotmail.com,Cristiane Costa Advogada e Consultora,Proprietária,12 Apr 2019
Lindsay,Sims,wallsjoseph@murphy.com,CMP Componentes Módulos Plásticos Ind. Com. Oficial,Team Leader,12 Apr 2019
Ashley,Porter,brian78@reyes.com,Autônomo,Estudante voluntário,11 Apr 2019
Amy,Dalton,thall@hotmail.com,Social Bank,Analista de Monitoramento,09 Apr 2019
Ashley,Roberts,katherine49@yahoo.com,DHL Supply Chain,Assistente de transportes,08 Apr 2019
Julia,Curtis,lfuller@hotmail.com,Villefort Atacarejo,Coordenadora de Segurança do Trabalho,05 Apr 2019
Joshua,Baker,joseph71@perkins.biz,NEUMAN & ESSER Brasil,Project Engineer,05 Apr 2019
Tabitha,Herman,pittsraymond@lozano.net,Secretaria de Estado de Desenvolvimento Econômico de MG,Diretor de Energia,04 Apr 2019
Keith,Guerrero,dianethompson@jordan.com,Grupo OVD,Consultor externo de vendas,03 Apr 2019
Jimmy,Smith,kennethparker@hotmail.com,Profissional Liberal,Arquiteto,03 Apr 2019
Carlos,Byrd,megan30@hotmail.com,HS / soluções em comunicação,Coordenador de  mídias digitais,01 Apr 2019
Richard,Petersen,amberjohnson@roberts.org,Visiontech Medical Optics,Coordenador de Planejamento e Controle da Produção,01 Apr 2019
Zachary,Smith,gloria80@williamson.biz,SAE Towers,Estagiário de engenharia,28 Mar 2019
Carl,Thompson,hmason@wiggins.info,HOME OFFICE LOVERS,Web Designer (Back-end & Front-end • Full-Stack),27 Mar 2019
Marcus,Rose,rebeccaalvarez@gmail.com,Pimenta e Associados e Desenvolvimento Empresarial,Recrutador,27 Mar 2019
Luke,Berger,jennifer46@gmail.com,CHC Helicopter,Aircraft Maintenance Inspector,27 Mar 2019
Joann,Bell,jonmorgan@villarreal-lee.biz,Ambev,Analista de Inteligência de Mercado,26 Mar 2019
Dana,Schwartz,robert10@yahoo.com,CAAR Do Brasil Consultoria Técnica Ltda.,Analista de processos,26 Mar 2019
Steven,Lee,fwallace@gross.org,Sancruza Netimóveis,Assistente Comercial,22 Mar 2019
Eric,Richards,cvasquez@waller.info,,,21 Mar 2019
Benjamin,Brown,christyphillips@gmail.com,H7 PROJETOS MECÂNICOS,Projetista mecânico industrial - solid works 2020,18 Mar 2019
Beth,Ramirez,sancheztimothy@barrett.com,Grupo Sense,Diretor,13 Mar 2019
Joseph,Miller,rvelazquez@hotmail.com,Líder Aviação,Analista de planejamento,08 Mar 2019
Justin,Glenn,rebeccahoffman@hotmail.com,AETHRA  - Automotive Systems,Asistente de meio ambiente ,07 Mar 2019
Travis,Randolph,youngjohn@lowe-wong.biz,Grupo SADA,Analista de Planejamento Comercial Pleno,06 Mar 2019
Michelle,Schultz,kclarke@nash.org,Dias Moura Advogados,Assessor Jurídico,28 Feb 2019
Angela,Wilson,david05@galloway.info,VLI Logística,Analista de recursos humanos,27 Feb 2019
Walter,Montgomery,ericksondonald@howard.biz,MG-sports,Operações de almoxarifado,27 Feb 2019
Shannon,Gallegos,elizabeth05@yahoo.com,FIEMG,Assistente administrativo de RH,26 Feb 2019
Stephanie,Reid,flee@colon-jones.com,Hospital Sarah,Técnico de manutenção,25 Feb 2019
Kevin,Lee,tuckermark@lowe-ward.com,Boreda - Alumipack Indústria de Embalagens Ltda,Coordenadora Administrativa de Vendas,24 Feb 2019
Benjamin,Evans,crystal44@yahoo.com,Grupo SADA,Analista de Estratégia e Inovação,21 Feb 2019
Jordan,Brady,theresaprice@hotmail.com,FIEMG,Assistente de Pessoal II,21 Feb 2019
Danny,Raymond,areid@gmail.com,Engineering Brasil,Coordenadora de Cultura e Desenvolvimento,21 Feb 2019
Terri,Vance,rsmith@gmail.com,Stellantis Latam,Analyst,20 Feb 2019
Kenneth,Morgan,brittanycurry@brewer.com,,,
Joshua,Smith,chavezhannah@hotmail.com,Abu Dhabi Executive Office,Smart City Expert,20 Feb 2019
Sean,Black,ishort@marshall-mcmillan.com,Onfly,Inside Sales – Analista Comercial Pleno,20 Feb 2019
Christina,Lopez,linda95@hotmail.com,ECB - Empresa Construtora Brasil | Grupo Mota - Engil,Analista de Infraestrutura de TI Sênior,20 Feb 2019
Daniel,Miller,lross@price-clark.info,,,
Shawn,Gentry,mbest@dunn-cole.com,,,19 Feb 2019
Nicole,Rose,sheila71@hotmail.com,B2W Digital,Supervisora de operações,19 Feb 2019
Taylor,Rodriguez,ashleykennedy@conley.info,VLI Logística,Analista Técnico Sênior - Engenharia Elétrica,19 Feb 2019
Jaime,Carroll,juarezmichael@hotmail.com,Mary Kay Global,Consultor de beleza,19 Feb 2019
David,Boyd,ncoleman@lawson.net,Novità Soluções e reformas em ambientes,Proprietário,19 Feb 2019
Theresa,Armstrong,qyoung@gallagher.net,Prefeitura de Belo Horizonte,Referência Técnica,19 Feb 2019
Dana,Bond,anthony06@yahoo.com,Superhar Consultoria em Recursos Humanos,HeadHunter,18 Feb 2019
Dillon,Tran,morgan48@yahoo.com,Produtive Carreira e Conexões com o Mercado,Gerente de Relacionamento Associado,18 Feb 2019
David,Davis,angelarichard@christian.org,Csb - Consultoria Contabil,SOCIO DIRETOR,18 Feb 2019
Elizabeth,Jackson,cherylbrown@brown.com,Arcadis - Commercial Developer Project Managers,Técnico em Mecânica Master,17 Feb 2019
Christopher,Turner,ronald54@parker.com,,,
Brian,Myers,williamskelly@hodges-horton.com,Sofist,Talent Acquisition,15 Feb 2019
Amanda,Cummings,josephlopez@yahoo.com,Prefeitura de Belo Horizonte,Estagiário,14 Feb 2019
Amanda,Todd,michael82@rojas.org,Qualitas Humanus,Selecionadora PL,14 Feb 2019
Shannon,Turner,tylereverett@gmail.com,Hl Interfones,Auxiliar de escritório,13 Feb 2019
Brett,Franklin,zjohnson@gmail.com,TOPMINAS CONSTRUTORA,Engenheiro civil,13 Feb 2019
Regina,Thomas,tarasmith@bailey.com,ForSócios,Co-founder,12 Feb 2019
Douglas,Stark,phillip29@hernandez.com,GoPhone,CEO & Founder,12 Feb 2019
Miranda,Nelson,thomas66@scott.com,Trybe,Student Experience,12 Feb 2019
Karla,Jenkins,jasmine31@chavez.com,Stefanini Brasil,Analista de Recursos Humanos Sr,12 Feb 2019
John,Camacho,youngjudith@yahoo.com,Grupo SADA,DIRETORA CSC,12 Feb 2019
Samuel,Hamilton,michael88@obrien.com,Cemig,Técnico de Planejamento da Manutenção Eletroeletrônica da Transmissão,11 Feb 2019
Billy,Martin,hlambert@gmail.com,MGODOI Consultoria Empresarial,CEO,11 Feb 2019
Thomas,Christensen,robert81@clark-morrison.com,RAF IT,Diretor,11 Feb 2019
Logan,Barajas,mccormickdavid@lambert.info,Pascon & Freitas Consultoria Contábil,Sócia Contadora,11 Feb 2019
Chelsea,Walker,roy22@hotmail.com,Altran Consultoria em Tecnologia Brasil,ADAS/AD Project Chief,11 Feb 2019
James,Lewis,phillipsjoan@hotmail.com,,,11 Feb 2019
Douglas,Riley,faith36@gmail.com,Grupo Sada,Gerente Depto Adm. Pessoal,09 Feb 2019
Heidi,Erickson,jaredmiller@hotmail.com,PRODAP,Coordenador de Gestão de Pessoas - P&P,09 Feb 2019
Christopher,Hale,shelley94@mckenzie.org,Itambé,Gerente Corporativo de Manutenção,08 Feb 2019
Daniel,Mcknight,zkelly@wallace-cole.com,Sada Transportes,Supervisora Financeira,08 Feb 2019
Jeffrey,King,raymond36@jones.net,Voltz,HR Business Partner,08 Feb 2019
Selena,Barnett,ehill@hernandez.com,Rethink Tecnologia,Analista de Recursos Humanos ,07 Feb 2019
Brenda,Lindsey,aimee45@yahoo.com,IBRA Outplacement e Evolução Profissional,Consultor de carreira,07 Feb 2019
Zachary,Waters,christopher43@davenport.biz,Grupo Classic,Assitente de marketing,07 Feb 2019
Isaac,Hernandez,wardcharles@thomas.com,Brilliant,Estagiário,07 Feb 2019
Aaron,Harris,tgarza@hotmail.com,,,
John,Werner,stephanie79@yahoo.com,SlicingDice - The All-in-One Data Solution,Assistente de auditoria,06 Feb 2019
Keith,Clements,diazdonald@yahoo.com,,,
Heidi,Greene,ncohen@hotmail.com,Viação Sorriso de Minas,Auxiliar administrativo,05 Feb 2019
Benjamin,Sanders,kimberly80@vega-austin.com,Confiança Múltiplos Negócios LTDA EPP,Auxiliar administrativo,05 Feb 2019
Mary,Miller,dferguson@hotmail.com,Leroy Merlin,Parts Sales Manager - E-commerce,05 Feb 2019
Julie,Munoz,haleybarnes@buck.info,Itaú Unibanco,Analista de Engenharia Jr,04 Feb 2019
Yesenia,Martinez,edward26@hotmail.com,Metalurgica Ventisilva,Coordenador de Recursos Humanos - PJ,03 Feb 2019
Bradley,Shaw,sandra98@gmail.com,Mate Couro S/A,Analista de manutenção e processos,03 Feb 2019
Scott,Carpenter,ilopez@hotmail.com,SGA TI em nuvem,Senior Sales Account Executive,03 Feb 2019
Jake,Watson,sandra59@bryan.net,UltraPão Alimentos,Product Development Analyst,01 Feb 2019
Courtney,Thompson,ismith@brown.org,Global Tecnologia Em Serviços E Utilidades Ltda,Gerente de Vendas,31 Jan 2019
Joshua,Roberts,velasquezkristina@richards.com,Vallourec,Técnico de planejamento SR,31 Jan 2019
Alicia,Hunt,heather71@hotmail.com,SLB CONTABILIDADE,Proprietário da empresa,30 Jan 2019
Jennifer,Palmer,warrenmark@swanson.com,Supera Negócios Imobiliários,Corretor de imóveis,30 Jan 2019
Edward,Romero,christensenyvette@hotmail.com,IPEM-MG,Assessora Jurídica,30 Jan 2019
Kimberly,Flores,brandygarcia@yahoo.com,Kairós Vellar Investimentos ,Mesa de Operações ,29 Jan 2019
Hunter,Baker,bradleymatthew@hotmail.com,Construtora Sudoeste,Analista de Projetos BIM,26 Jan 2019
Jason,Stone,glendabrown@mcdaniel-mcdonald.info,DHL Supply Chain,Coordenadora de Melhoria Contínua,26 Jan 2019
Tamara,Lewis,yherman@le.com,Pizza Burnet's,Gerente,25 Jan 2019
Alexander,Williams,arnoldrenee@hotmail.com,EPC Engenharia Projeto Consultoria SA,Projetista Mecânico Pleno,25 Jan 2019
Tina,King,lambelizabeth@roberts.com,Far-me,Head de Finanças,24 Jan 2019
Bobby,Peterson,brooke98@mcdonald.com,CXT,Inspetor de campo,24 Jan 2019
Christopher,Rodriguez,kathleennewman@hotmail.com,Patrus Transportes Urgentes Ltda,Estagiário de recursos humanos,24 Jan 2019
Gregory,Rogers,monicajones@yahoo.com,,,24 Jan 2019
April,Weiss,ginadowns@beasley.org,GOL Linhas Aéreas Inteligentes,Copiloto,24 Jan 2019
Jeff,Barton,cruzjustin@gmail.com,MRV,Analista de Suprimentos,23 Jan 2019
Richard,Morris,jameslisa@moore.com,,,23 Jan 2019
Dawn,Berger,tammy72@hotmail.com,Víktor Waewell,Book Author,23 Jan 2019
Gene,Brown,hooverjason@hotmail.com,CMC Displays - Unboxing Solutions,Proprietário,23 Jan 2019
Adam,Thomas,stephanie91@hendrix-roberson.com,Tecnocar Engenharia Ltda,Product Project Manager,23 Jan 2019
Kevin,Chapman,cjames@james.com,,,23 Jan 2019
Alexa,Harris,lideborah@skinner-shelton.com,Colégio São Judas Tadeu ,Auxiliar de sala de aula,22 Jan 2019
Mark,Hardin,billy80@alvarez.com,Rabelo Recursos Humanos ,Consultora de RH,22 Jan 2019
Tiffany,Wheeler,bridget21@gmail.com,Belgo Bekaert,Estagiário Trainne,22 Jan 2019
Heather,Anderson,lance10@gmail.com,,,
Samantha,Rhodes,yangelizabeth@gmail.com,Pontifícia Universidade Católica de Minas Gerais,Department Head,21 Jan 2019
Steven,Gutierrez,matthew85@hotmail.com,,,
Michael,Roberts,nbrooks@hughes.com,,,
Charles,Allen,myersfrank@myers.com,Autentica Engenharia Industrial,Orçamentista comercial VIII,21 Jan 2019
Caitlin,Harmon,christopher54@johnson.net,Localiza Gestão de Frotas,Sucesso do Cliente,21 Jan 2019
Pamela,Wells,davisashley@gmail.com,HENRIQUE BAIÃO,CEO / Sócio Fundador,21 Jan 2019
Madison,Patel,sbradley@chambers.org,Sonastério,Coordenador de projetos,20 Jan 2019
Debbie,Huber,jennifer94@hotmail.com,BN Express,CEO,19 Jan 2019
Tracie,Baker,sanchezdanielle@suarez-jones.com,Toro - Investimentos,Senior Talent Acquisition,18 Jan 2019
Kevin,Miller,raymondgarcia@reese-rose.com,FIEMG,Coordenadora de Educação Corporativa,18 Jan 2019
Caleb,Alvarez,cory05@cabrera-robertson.com,Instituto Defesa Coletiva,Analista Administrativo,17 Jan 2019
Christian,Thompson,sharonjackson@mendoza.com,www.RogerLessa.com,CEO,17 Jan 2019
Nicole,French,lindsay37@grant-mckee.com,União Equipamentos Mecânicos Ltda,Analista de Métodos e Processos Pleno | Analista de PCP Pleno,17 Jan 2019
Scott,Jackson,mporter@hinton.com,Tecnocar Engenharia,Projetos de Engenharia,17 Jan 2019
Teresa,Stanley,adrianholland@jones-pennington.com,PUC Minas Oficial,Assistente administrativo,16 Jan 2019
Brittany,Smith,rbrown@yahoo.com,,,
Jason,Lopez,mitchellmichael@hotmail.com,Autônomo,Instalador técnico,16 Jan 2019
Shannon,Stafford,scottanderson@serrano.com,PFS Empreendimentos,Empreendedor,15 Jan 2019
William,Hill,jacksonmarcus@newman.com,EVOHR,Consultor Protheus em Recursos Humanos,15 Jan 2019
Karen,Jackson,hunterjohnson@ray.biz,HiveSys,Engenheiro de software remoto,15 Jan 2019
Michael,Garcia,john98@hotmail.com,FCA Latam (Fiat Chrysler Automobiles),Project Chief - Brake Systems,15 Jan 2019
Ryan,Wheeler,cynthiamatthews@haas-brown.com,Griloano,Fotógrafo profissional,15 Jan 2019
Emily,Russo,heather76@james.com,Neves & Pimenta Advogados,Advogado,15 Jan 2019
Dylan,Nguyen,alexandrakoch@gmail.com,Deloitte,Business Analyst,15 Jan 2019
Chase,Cox,morriskatherine@bell.com,MARTINS LANNA / TCL Mineração - Tecnologia em Areia e Brita,Controlador de manutenção,14 Jan 2019
Kristen,Harvey,dhall@gmail.com,Wylinka,Líder de projetos,14 Jan 2019
Courtney,Mcgee,larrywilliams@gmail.com,Drogaria Araujo S/A,Analista de Treinamento e Desenvolvimento,14 Jan 2019
Thomas,Meadows,nmcbride@morales.net,Dj Caio Aguiar,Proprietário,14 Jan 2019
Steven,Johnson,jamesallen@macias-le.com,Nomad Sports,Gerente financeiro/administrativo,14 Jan 2019
Jerome,Berry,lwilson@gmail.com,Localiza,Analista de Projetos Especiais,14 Jan 2019
Veronica,Hall,imiller@hotmail.com,Precon Engenharia,Auxiliar de engenharia,14 Jan 2019
Miguel,Carter,bkennedy@hotmail.com,,,
Michael,Thornton,townsendtheresa@gmail.com,Remo Engenharia,Analista de planejamento,13 Jan 2019
Jason,Fox,aaron91@clark.net,MadeSimple Group,Mid-Level PHP Developer,13 Jan 2019
Nicole,Wright,tammyhernandez@parker.com,AGIS MEDICAL,Coordenadora Técnica,13 Jan 2019
Yolanda,Porter,samuel32@smith.info,Pimentel Advogados Associados,Advogada associada,12 Jan 2019
Maria,Hayden,byrdvictoria@hotmail.com,CBTU - Companhia Brasileira de Trens Urbanos,Técnico Industrial - Eletrotécnica,11 Jan 2019
Scott,Burke,youngstephanie@patterson.info,Qatar Investimentos,Operador de mesa Jr,11 Jan 2019
Kenneth,Farmer,robert71@gmail.com,Ferrosider Componentes Ltda,Chefe de Administração de Pessoal e Recursos Humanos,11 Jan 2019
Kristin,Rangel,lgarrett@best-kemp.com,Hatch,Instrumentation Engineer | Engenheiro de Instrumentação,11 Jan 2019
Caroline,Deleon,dustin39@gmail.com,Clarice Santana Desenvolvimento Humano,Coach Executiva e de Carreira | Psicoterapeuta,11 Jan 2019
Sarah,Zavala,kelly18@parker.com,Localiza,Analista Sênior de Planejamento de Frota,11 Jan 2019
Justin,Hall,hjones@merritt.com,RHI Magnesita,Analista RH,10 Jan 2019
Suzanne,Rodriguez,carlaryan@hotmail.com,Grupo Buzattos,Arquiteta projetista,10 Jan 2019
Kevin,Rhodes,harrismichael@gmail.com,Beazy,Head Of Content,10 Jan 2019
Brandon,Ball,diane76@french.biz,Air Liquide Brasil,Consultor Técnico de Vendas,10 Jan 2019
Sheri,Wilson,ijones@allen.com,Secretaria de Estado de Educação do Estado de Minas Gerais.,Professor de biologia,10 Jan 2019
Olivia,Brown,franciskara@yahoo.com,Seu Inbox,CEO & Owner,10 Jan 2019
Rachel,Young,trevor28@hotmail.com,Maroto Indústria e Comércio,CEO,10 Jan 2019
Linda,Leon,amberhernandez@miller.net,Proverh,Consultoria em Recursos Humanos,10 Jan 2019
Doris,Simpson,qhernandez@yahoo.com,Tribunal Regional do Trabalho - 3a. Regiao,Estagiário de Direito,10 Jan 2019
Gregory,Miller,alexasmith@gmail.com,Applus+ IDIADA,Projetista / Analista do Produto,09 Jan 2019
Jennifer,Ruiz,albertblackwell@yahoo.com,BVP Geotecnia e Hidrotecnia,Estagiário,09 Jan 2019
Crystal,Smith,mparker@vega-boyd.net,Belgo Mineira Bekaert_Grupo Arcelor Mittal,Remuneração e Beneficios,09 Jan 2019
Steven,Rodriguez,torresjeffrey@hotmail.com,Avanade,Human Resources Business Partner,09 Jan 2019
Derek,Nelson,john05@moore-garcia.com,AlmavivA do Brasil,Gerente geral de operações,09 Jan 2019
Steven,Frye,christopherwest@gmail.com,Tribunal de Justiça do Estado de Minas Gerais,Assessor jurídico,09 Jan 2019
David,Rodriguez,morrowsean@snyder.com,Eletro Vibez,CEO and Head of Marketing,09 Jan 2019
Kimberly,Pacheco,amymartin@yahoo.com,Magna International,Coordenadora de Recursos Humanos,09 Jan 2019
Erica,David,robert00@wallace-williams.com,Ultragaz,Supervisor Regional de Logística Domicilar,09 Jan 2019
Kaylee,Hoffman,david35@yahoo.com,Rede Globo,Operador de áudio,09 Jan 2019
Nathan,Harrell,ashleyvilla@mccarthy.net,STEF ARTES GRÁFICAS LTDA,SERVIÇOS GRÁFICOS,09 Jan 2019
Traci,Bush,casemolly@rivera.com,KSB Brasil Ltda,Técnico Orçamentista,09 Jan 2019
Bradley,Wilson,collinsvictoria@hotmail.com,CGP,ispetor de obra,09 Jan 2019
Erin,Rodriguez,kirbysue@hotmail.com,Maturado Steak House,Sócio proprietário,09 Jan 2019
Maria,Morton,rhonda98@yahoo.com,VINCI Energies,Especialista de Desenvolvimento Humano e Organizacional,09 Jan 2019
Joshua,Clark,stephaniebuckley@gmail.com,Vale,Engenheiro Pleno,09 Jan 2019
Carlos,Harris,smiller@johnson.biz,M.Roscoe Engenharia e Construção Ltda,Estagiário,09 Jan 2019
Yesenia,Bailey,isaac44@gmail.com,Asesoria y Consultoria Independiente,Asesor inmobiliario,09 Jan 2019
Douglas,Clark,alicebarker@wilson.com,OGP SOLUÇÕES,Gerente de serviços,08 Jan 2019
Lori,Miller,patriciacruz@graham.com,,,08 Jan 2019
April,Smith,mfields@yahoo.com,Bagy,Chief Product Officer,08 Jan 2019
Erin,Greene,hollybaker@gmail.com,Stola do Brasil Ltda.,Analista de Compras,08 Jan 2019
George,Dawson,charleskim@hotmail.com,Vale,Engenheira Civil Júnior II,08 Jan 2019
Carmen,Vargas,robertdonaldson@lee.net,GoPhone,Responsável por Operações Técnicas,08 Jan 2019
Crystal,Rose,robinsonbenjamin@hotmail.com,N Malhas,Gerente comercial,08 Jan 2019
Carl,Miller,susangalloway@yahoo.com,Syngenta,Auxiliar de campo,08 Jan 2019
Cheryl,Nichols,christophernelson@yahoo.com,,,08 Jan 2019
Debra,Williams,jacobgomez@clark-horton.net,Dakar Móveis,Sócio-gerente geral,08 Jan 2019
Thomas,Kim,reyesjennifer@gmail.com,Vale,Analista Operacional,08 Jan 2019
Cheryl,Wolf,kimberly13@campbell.net,,,08 Jan 2019
Susan,Patel,willislucas@yahoo.com,Robotec Automação e Robótica,Projetista Mecânico Pleno,08 Jan 2019
Laurie,Sanchez,qbryan@powers.com,RNascimento Treinamentos,Microempreendedor,08 Jan 2019
Lisa,Hernandez,terriwhite@yahoo.com,Stone,Product Leader,08 Jan 2019
Raymond,Anderson,ebraun@crawford-mccormick.net,GE Power,Analista de processos de negócios,08 Jan 2019
Sheila,Brewer,robert36@yahoo.com,CEMIG,Técnica Sistema Elétrico,08 Jan 2019
Kelly,Smith,nicholaslove@hotmail.com,Grupo,Empreendedor,07 Jan 2019
Loretta,Frank,benjaminmathis@hotmail.com,SM&A Sistemas Elétricos,Estagiário de projetos,20 Dec 2018
Destiny,Hodges,kimberly02@willis.info,Fiocruz,Aluno pesquisador de doutorado,19 Dec 2018
Mitchell,Mcconnell,connie98@yahoo.com,AuPaircom,Au Pair - France,17 Dec 2018
Lisa,Mccoy,vaughnlisa@love-reese.biz,Pontifícia Universidade Católica de Minas Gerais,Professor,17 Dec 2018
Christopher,Todd,christophermartinez@hotmail.com,Light,Especialista em Regulação Estratégica,14 Dec 2018
Alexis,Grant,renee97@yahoo.com,Magazine Diniz,Especialista em Marketing Digital,13 Dec 2018
Ryan,Johnson,vanessa29@sexton.org,Ministério Público do Estado de Minas Gerais,Engineer Intern,10 Dec 2018
Kathy,Baker,kennethwatkins@hotmail.com,SM&A Sistemas Elétricos,Auxiliar tecnico,10 Dec 2018
Aaron,Griffin,thomasmartin@dominguez.biz,Contra Regras Produção e Comunicação Ltda,Adminstrativo,07 Dec 2018
William,Costa,mnichols@yahoo.com,AETHRA GROUP - Automotive Systems,Comprador Jr.,07 Dec 2018
Helen,Acevedo,kperez@gmail.com,USIMINAS,Intern of Sustainability at Usiminas Mining,05 Dec 2018
Carolyn,Anderson,jnavarro@yahoo.com,Dg Socialm,Marketing Digital,05 Dec 2018
Kelly,Wilcox,spearson@hotmail.com,STEP Engenharia,Projetista,05 Dec 2018
Mitchell,Hamilton,tbrown@fisher.com,Almeida Vales Engenharia,Sócio proprietário,05 Dec 2018
Thomas,Reynolds,mason89@hotmail.com,Brasif Máquinas,Coordenador de produtos,05 Dec 2018
Sarah,Jones,dkidd@yahoo.com,IBGE-Instituto Brasileiro de Geografia e Estatística,Coordenador Censitário de Subárea,04 Dec 2018
Edward,Gonzalez,eduardo46@holland.com,Vale,Analista de Excelência Operacional,04 Dec 2018
Stephen,Bell,travisrichmond@gmail.com,Câmara Municipal de Contagem,Assessor Parlamentar,04 Dec 2018
Laura,Rogers,smithjuan@hernandez.com,BI Xperience,Co-founder,04 Dec 2018
Brittany,Cohen,jhines@hotmail.com,Sudamin,Controller,04 Dec 2018
Christina,Reed,ryan69@summers.com,Prefeitura Municipal de Contagem ,Secretário Municipal de Comunicação e Transparência ,04 Dec 2018
Kathleen,Cordova,christina69@stewart.com,Autentica Engenharia Industrial,Orçamentista VIII,03 Dec 2018
Patrick,Mcdonald,campbellvalerie@davis-williams.biz,,,
Jonathan,Franco,hawkinsdarren@yahoo.com,R.A.P. Studio & Design,Visual Merchandiser and Window Designer Interior and Exterior,28 Nov 2018
Karen,Gray,derek45@brown-webb.net,Novotel Hotels e Ibis Budget,Coordenador de manutenção,28 Nov 2018
Robert,Marshall,andrewrivera@hotmail.com,INBRASP - Indústria Brasileira de Plásticos,Analista de Processos,28 Nov 2018
Anthony,Price,froberts@gmail.com,Seoyon Intech Brasil,Advogado corporativo,22 Nov 2018
Micheal,Adams,campbelleric@yahoo.com,Altran Consultoria em Tecnologia Brasil,Analista de desenvolvimento de produtos na FCA por meio da Altran,22 Nov 2018
Erin,Freeman,jacksonjoel@gmail.com,Inter,Analista de Formalização CGI,22 Nov 2018
Jeffrey,Wright,miguellawrence@yahoo.com,Johnson & Johnson,Field Support Analyst - Strategic Acccounts,22 Nov 2018
Mike,Martinez,bradleywanda@hotmail.com,National Oilwell Varco,HR Business Partner,21 Nov 2018
Kara,Shepard,ashley00@smith-holmes.com,Stone,Consultor comercial - Expansão ,21 Nov 2018
Thomas,Gonzales,joshuaclark@yahoo.com,CNH Industrial,Estagiário,20 Nov 2018
Dustin,Garcia,edward41@gmail.com,Unimed Aeromédica,Assistente de Atendimento Aeromédico,15 Nov 2018
Jason,Yang,john12@hotmail.com,Bekaert,Assistente de Compras II,14 Nov 2018
Katherine,Mann,whiteanthony@brown.com,Autentica Engenharia Industrial,Orçamentista III,12 Nov 2018
Scott,Barrera,hwilson@torres.com,Mendes Engenharia Clinica,Coordenador de Engenharia Clínica,10 Nov 2018
Tonya,Smith,baileyrichardson@hood.com,Fotus Energia Solar,Analista comercial,10 Nov 2018
Courtney,Mccann,zgreen@yahoo.com,Prosegur,Analista Faturamento JR,10 Nov 2018
Joshua,Vega,nhogan@yahoo.com,Amanco Wavin,Key Account Sales Specialist,10 Nov 2018
Phyllis,Turner,twilliams@russell.net,,,
Charles,Martin,crystalbonilla@gmail.com,CEVA Logistics,Data Scientist and Business Intelligence Developer,10 Nov 2018
Roy,Reed,diazjerome@king.biz,Mercantil Mineira Logistica,Auxiliar administrativo de transporte,10 Nov 2018
Heather,Boyer,rnavarro@gmail.com,Itaú Unibanco,Project and Process Analyst,06 Nov 2018
Nicole,Vazquez,sheilacastro@sweeney.com,Alldagro - Gestão e Resultados Agropecuários,Consultor Técnico,06 Nov 2018
Chad,Mccoy,daniel47@hotmail.com,Stellantis,Wheels and Wheel Trim Specialist,06 Nov 2018
Monica,Gross,xtaylor@hotmail.com,Autônomo,Professora particular,06 Nov 2018
Stephen,Holloway,davishelen@bailey.info,Elvenworks,Inside Sales,06 Nov 2018
Tiffany,Marquez,luis42@hays.com,Andrade Silva Advogados,Advogada Tributarista,06 Nov 2018
Heather,Mullins,rachelfowler@yahoo.com,Elétrica MG e Construções Ltda.,Diretor Administrativo,06 Nov 2018
Becky,Herring,marysmith@livingston-bullock.com,Mercantil do Brasil,Analista de Sistemas,06 Nov 2018
Rodney,Rogers,randy25@yahoo.com,MGcloud,Líder de negócios,06 Nov 2018
Jennifer,Bishop,fwilliams@hotmail.com,Arithmos Gestão Contábil,Departamento geral,16 Oct 2018
Kyle,Vargas,vmunoz@patterson-keller.com,Npo Sistemas do Brasil - a Ricoh Company,PMO - Analista de Projetos PL,16 Oct 2018
Gregory,Alvarado,destiny29@chen-welch.com,Stellantis Latam,Logistics Engineering Analyst,16 Oct 2018
Karen,Maldonado,david47@yahoo.com,RGL Engenharia e Consultoria LTDA,Auxiliar de Engenharia Civil,16 Oct 2018
Gavin,Garcia,laura26@yahoo.com,Cielo,Supervisor de Logística,16 Oct 2018
Ashley,Gonzalez,woodmark@ferguson-hudson.org,Abreu Nobre Advocacia e Consultoria Jurídica,Advogada,16 Oct 2018
Stacy,Russell,dawsonrobin@gmail.com,Indústria Mecânica Alterosa LTDA,Planejamento e Controle da Produção (PCP),16 Oct 2018
Marcia,Gutierrez,ovance@yahoo.com,Salum Construções,Analista da Qualidade,16 Oct 2018
Matthew,Herrera,mlynn@gmail.com,,,28 Aug 2018
Megan,Casey,campbellrobert@hotmail.com,Teknisa,Assistente de Compras,28 Aug 2018
Angela,Wyatt,aroth@taylor.com,OTUS Consultoria,CEO,09 Aug 2018
Elizabeth,Koch,estradakathleen@gmail.com,Simatec,Consultor de Vendas,19 Jun 2018
Andrew,Goodman,williamcoleman@hotmail.com,TORA,Analista Comercial,19 Jun 2018
Kevin,Williams,troy07@hotmail.com,Frelance Graphic Designer,Designer,19 Jun 2018
Paul,Gardner,michaelyoung@mata.com,Localiza,Assistente Administrativo I - ADMAC,19 Jun 2018
Donald,Byrd,nicholas47@hotmail.com,Lutter Construtora,Estagiário de engenharia,19 Jun 2018
Christopher,Smith,gilbertmichelle@gmail.com,Mimus Sobre Rodas,Proprietária,19 Jun 2018
Kathleen,Rush,bishopryan@smith-sherman.org,Vallourec Tubos do Brasil S.A.,Estagiário,19 Jun 2018
Courtney,Hall,annhampton@curtis.info,SEGULA Technologies,Project Coordinator,19 Jun 2018
Deborah,Olson,thomasmacias@allen-harris.info,AeM Negócios Públicos,Gestor de Negócios,19 Jun 2018
Dwayne,Andrews,ljohnson@gmail.com,Autônomo,Engenheiro mecânico,19 Jun 2018
Michelle,Johnson,browncrystal@howard.com,Vale,Analista de suprimentos,19 Jun 2018
Alexis,Gillespie,sharon52@hotmail.com,Arbitrium Sports,Marketing Director,19 Jun 2018
Megan,Smith,pamelaharrington@alexander.com,fredericus augustus photography,Proprietário,19 Jun 2018
Nicholas,Warren,brownpaul@serrano-webb.info,STEP Engenharia,Projetista,19 Jun 2018
Kristen,Miller,walkerchristopher@chambers.info,Construtora Você,Auxiliar de Engenharia civil,19 Jun 2018
Brianna,Nelson,akennedy@gmail.com,Equipapocos Comercio De Motobombas E Servicos,Adm/Compras,19 Jun 2018
Ashley,Holland,julianferguson@hotmail.com,FedEx,Encarregada de Soluções,19 Jun 2018
Sheri,Tran,jcortez@smith.com,Marph,Publicidade,19 Jun 2018
Thomas,Holloway,millercindy@gmail.com,Simply Tecnologia,Analista de Negócios e Processos Ágeis,19 Jun 2018
Jill,Hart,kylejackson@yahoo.com,Engescom,Analista de Planejamento,17 Jan 2016
David,Barnes,jonathan72@hotmail.com,,,30 Dec 2015
Marvin,White,wstone@lee.com,Consultorio  de Psicologia,Psicólogo clínico,16 Dec 2015
Karl,Gutierrez,brian58@bryan.org,Stellantis,NVH CAE Engineer,04 Dec 2015
Xavier,Nichols,jenniferperry@yahoo.com,Alicorp,Analista Contábil,20 Nov 2015
Patricia,Martinez,csmith@yahoo.com,Localiza,Assistente Financeiro,17 Nov 2015
Sarah,Lynn,courtneybaker@hotmail.com,Hospital Keralty LTDA,Nutricionista clínica,02 Oct 2015
Mark,Marquez,epadilla@lewis-bradley.com,Autonômo,Engenheiro ambiental,28 Aug 2015
Jill,Harris,emmacunningham@strong.com,Autonomo,Fotógrafo freelancer,21 Jul 2015
Casey,Stokes,smithmichael@gonzales.biz,MZT Industria mecanica,Programador cnc,15 Jul 2015
Jennifer,Brown,nelsoncaroline@yahoo.com,Ligar Design&Mkt,Diretor de marketing,09 Jul 2015
Andrea,Jones,andrethomas@gmail.com,GE Power Conversion,Assistente administrativo,08 Jul 2015
Jack,Cain,jonathanjohnson@wolfe-jensen.biz,DHL Supply Chain,Analista de Projetos Logísticos Sênior,07 Jul 2015
Molly,Avila,alicia90@bentley.biz,,,
Nicholas,Paul,morganraymond@gmail.com,RGL Engenharia ,Técnico em segurança do trabalho,09 Jun 2015
Mary,Palmer,brandon56@burgess.com,Biomm,Comprador,08 Jun 2015
Emily,Koch,jesusking@fuller.net,Embraer,Projetista - Estruturas Aeronáuticas,07 Jun 2015
Jennifer,Rios,elizabeth34@hotmail.com,RedZinc,Software Engineer (Remote),05 Jun 2015
Karen,James,yeverett@gmail.com,Ao Cubo Criativo - Marketing Digital,CEO e Diretor de Criação,05 Jun 2015
Heather,Porter,felicia48@hotmail.com,Marcolin,Sales Representative in Marcolin Group,04 Jun 2015
Teresa,Christensen,seanmartin@yahoo.com,D&M Agência - Design e Marketing,CEO  - Art Director and new accounts,03 Jun 2015
Joseph,Gregory,leah50@hotmail.com,Duratex,Key Account Deca / Hydra,02 Jun 2015
Michael,Kane,ojoseph@mcdonald-james.org,Owens Illinois Americas South,Trainee,01 Jun 2015
Ashley,Phillips,rhondaanderson@huffman.com,Médicos Sem Fronteiras Brasil / Médecins Sans Frontières Brésil - MSF,Supply Chain Coordinator LATAM,31 May 2015
George,Hughes,alison74@gmail.com,Herkenhoff & Prates,Consultora em projetos socioambientais | Monitoramento e avaliação | ,30 May 2015
Nathaniel,Duffy,jamesfernandez@gmail.com,Valspe,Security Tecnology Fortinet - SonicWall ,29 May 2015
Kimberly,Walsh,mitchelldavid@cruz.com,Termotécnica Para-raios,Coordenador de PCP / Estoques,27 May 2015
Jake,Case,ballardjessica@gmail.com,Elevatio,CEO,26 May 2015
Diana,Moore,nicholas70@yahoo.com,BH CROMOS,AUXILIAR ADMINISTRATIVO E FINANCEIRO,26 May 2015
Katelyn,Benson,gomezjacob@yahoo.com,Konica Minolta Healthcare do Brasil,International Purchaser,26 May 2015
Brandon,Johnson,irice@gmail.com,Take Blip, Senior Smarketing Analyst,26 May 2015
Destiny,Delgado,diana74@hotmail.com,Delly's Food Service,Grupo Dellys - Oesa/ Baia Norte,25 May 2015
Betty,Mason,patricia65@gmail.com,CAAR Do Brasil Consultoria Técnica Ltda.,Project Chief,25 May 2015
Marissa,Anderson,wmendez@yahoo.com,Servo Automação,Consultor Técnico de Vendas,25 May 2015
Katelyn,Jones,davisjordan@green.com,Contabilidade Atualizada,Contadora ,25 May 2015
Maurice,Allison,courtney80@horton.com,SoftwareONE Brasil,Sales Manager,25 May 2015
Matthew,Black,kellylaura@hotmail.com,Humana Desenvolvimento,Gerente de recursos humanos,25 May 2015
